customer_tweet_id,candidate,customer_text,reply,gold_intent,predicted_intent,confidence,gold_escalate,predicted_escalate,predicted_escalation_reason,historical_evidence,helpfulness,intent_fit,grounding,factual_safety,escalation_appropriateness,professionalism,overall_pass,failure_reason,human_helpfulness,human_intent_fit,human_grounding,human_factual_safety,human_escalation_appropriateness,human_professionalism,human_overall_pass,human_failure_reason
659415,Agent,@AmazonHelp your customer service to those with disabilities is horrendous and you should be ashamed. I'm wheelchair bound. 1 of/,I'm sorry you're experiencing this issue. Please provide the relevant order details so we can better understand the problem and determine the appropriate next steps.,other_general,other_general,0.252812086,yes,FALSE,none,"[{""customer_tweet_id"": 1554354, ""customer_text"": ""Great customer service from Jürgen at @116316 , thanks!"", ""amazon_reply"": ""@480784 Thanks 🙂 You are welcome. Kind regards ^TR"", ""similarity"": 0.3258271623013982}, {""customer_tweet_id"": 745083, ""customer_text"": ""@AmazonHelp @115850 U r as competent as ur customer service on ph."", ""amazon_reply"": ""@298115 We'd like to help, Amit. As requested earlier, please send us your details through the link shared earlier. ^MA"", ""similarity"": 0.32507690876538287}, {""customer_tweet_id"": 765713, ""customer_text"": ""@AmazonHelp No, I find your customer service menu on the app very confusing and can't work out how to send an email. I keep ending up on a chat with a robot that wants me to give it my phone number when I can't speak on the phone right now."", ""amazon_reply"": ""@303000 You can send us an e-mail via our website if you go to the following link:  https://t.co/JzP7hlA23B ^KI"", ""similarity"": 0.2824465106005523}]",2,3,3,5,3,4,FALSE,"The response is overly generic and fails to acknowledge the customer's specific mention of a disability, which is the core of their complaint. It treats a serious accessibility grievance as a standard order-related issue.",,,,,,,,
1234092,Retrieval,@AmazonHelp my parcel said it was delivered and signed for by me yesterday but i wasn't in. I can't find the parcel - can you help please?,@340283 That is interesting! Have you tired contacting us via phone or chat? If so what options where you provided? ^LS,missing_package,delivery_delay,0.188132881,yes,TRUE,low_intent_confidence,"[{""customer_tweet_id"": 1302289, ""customer_text"": ""@AmazonHelp We have community mailboxes, I was given a key for a parcel box, indicating my parcel was delivered, but there was nothing in the box."", ""amazon_reply"": ""@340283 That is interesting! Have you tired contacting us via phone or chat? If so what options where you provided? ^LS"", ""similarity"": 0.24214875964885685}, {""customer_tweet_id"": 2514040, ""customer_text"": ""@AmazonHelp I’ve had a parcel delivered according to your tracker but no item was deliver anychance you can help ?"", ""amazon_reply"": ""@716358 Hi, sorry to hear this. Take a look at the following link as it might help you locate the parcel: http:https://t.co/lcIviyIte1 ^CR"", ""similarity"": 0.2128780030189975}, {""customer_tweet_id"": 553360, ""customer_text"": ""@AmazonHelp I was originally suppose to get it Thursday November 30th then it said yesterday then it said today and I still haven't gotten it https://t.co/uIe1uNy3T1"", ""amazon_reply"": ""@249052 We'd like to look into available options. Please reach out to us here: https://t.co/hApLpMlfHN ^RR"", ""similarity"": 0.2070142975669994}]",2,2,5,5,2,3,FALSE,"The response uses a generic, unhelpful template from historical data that does not address the specific issue of a package being marked as signed for by the customer when they were not home. It fails to acknowledge the escalation requirement.",,,,,,,,
819504,Agent,Also @AmazonHelp - @134825 ist schon a bissl nervig vong zustellservice - null benachrichtigung und jetzt kann ich keinens shop auswählen 😞,I'm sorry you're experiencing this issue. I've identified that this case should be reviewed by a human support agent. A support agent can review the order details and help with the next steps.,order_status_tracking,other_general,0.180670956,yes,TRUE,low_intent_confidence,"[{""customer_tweet_id"": 987778, ""customer_text"": ""@AmazonHelp Und ich antworte gerne nochmal: Leute, ich bin kein Idiot."", ""amazon_reply"": ""@194202 Dann melde dich bitte mal über diesen Link bei uns, dem Amazon.de Social Media Team: https://t.co/cUDnC8mjd7 ^AN"", ""similarity"": 0.2919259453211127}, {""customer_tweet_id"": 140929, ""customer_text"": ""Danke an @116316 !\nWeil ich dieses Jahr noch nicht über 100€ bestellt habe, darf ich das Handy für 250€ nicht per Lastschrift bezahlen!\n\nFind ich super!\n#Kundenservice\n#keinPrime"", ""amazon_reply"": ""@147798 Leider können wir diese Entscheidung nicht ändern. Gründe hierfür: https://t.co/kkXAbASVDr Tut mir leid. Lieber Gruß ^TG"", ""similarity"": 0.15831266904090607}, {""customer_tweet_id"": 1623922, ""customer_text"": ""@AmazonHelp @497410 Gut zu wissen, dass man solche Mails melden kann. Danke! Werde ich in Zukunft auch direkt machen."", ""amazon_reply"": ""@497411 Immer wieder gerne! ^DW"", ""similarity"": 0.15292491129476438}]",4,4,5,5,5,5,TRUE,,,,,,,,,
130769,Retrieval,@115850 @132994 ne ayya exchange pettu ra🙏🙏,@159034 Our Twitter page is visible to the public. (4/4)^AU,return_replacement,return_replacement,0.88,no,FALSE,none,"[{""customer_tweet_id"": 274471, ""customer_text"": ""@115850  https://t.co/gTRwxpvjFO"", ""amazon_reply"": ""@159034 Our Twitter page is visible to the public. (4/4)^AU"", ""similarity"": 0.12656951441563527}, {""customer_tweet_id"": 1723429, ""customer_text"": ""@115851 @7092 @115850 @AmazonHelp Nth apologetic email from @115850 but no solution. Utter waste of time. https://t.co/35mpj3FEFf"", ""amazon_reply"": ""@507510 We'd like to fix this for you, Sudhanshu. I'd request you to write to us using the registered email address or phone number.^JC"", ""similarity"": 0.10004226334403186}, {""customer_tweet_id"": 167936, ""customer_text"": ""Qd tu a 4 fois @120533 au téléphone pour te dire que ta commande n'est pas envoyée car il manque encore un produit mais que tu ne peux pas l'annuler parce qu'elle est sur le point d'être expédié.\nEt bah ça énerve un peu qd même."", ""amazon_reply"": ""@155066 Bonsoir Yann, désolée d'apprendre cela. La livraison de votre colis est prévue pour quand s'il vous plaît ? ^MA"", ""similarity"": 0.09572846798105826}]",1,1,2,5,1,3,FALSE,The response is a canned retrieval that is completely irrelevant to the customer's request for an exchange.,,,,,,,,
570007,Generic,"@AmazonHelp Package status says received, but i didnt get it, Amazon told me to call in a police report, i did. Amazon got the police report number, told me they would contact the police to verify the report, that was Nov 3rd, i get told they will call monday, 4 mondays in a row and nothing",I'm sorry you're experiencing this issue. Please provide the relevant order details so we can better understand the problem and determine the appropriate next steps.,missing_package,delivery_delay,0.155832187,yes,TRUE,low_intent_confidence,"[{""customer_tweet_id"": 893324, ""customer_text"": ""@AmazonHelp Via phone I was told to contact my bank. However the bank didn't make the charge so I'm out of $10"", ""amazon_reply"": ""@332123 Just to clarify, what shipping method is shown for your item? Did you start a Prime membership with this order? ^DW"", ""similarity"": 0.19407113439600618}, {""customer_tweet_id"": 1447950, ""customer_text"": ""Hey @AmazonHelp  once again my package is delayed. 3rd time in a row.  Is prime really worth it if my packages never get here in 2 days??"", ""amazon_reply"": ""@456015 I'm so sorry for the wait! Do the orders have the same carrier in common? If so, who is it? https://t.co/Y5jpI9gRhE ^MH"", ""similarity"": 0.19146798901524792}, {""customer_tweet_id"": 46489, ""customer_text"": ""@115830 paid 4 nextday delivery only 2 b told after notifications all day saying that they r delivering 2day only 2 b told they cant deliv"", ""amazon_reply"": ""@126320 I'm sorry you didn't receive your order. Did we specify why we were unable to deliver your order? ^CO"", ""similarity"": 0.17477593451525597}]",2,3,3,5,2,5,FALSE,"The response is too generic and ignores the specific, high-friction context provided by the customer (a police report and multiple failed follow-ups), failing to acknowledge the frustration or provide a path for escalation.",,,,,,,,
71890,Generic,Bonjour @120533 je voudrais savoir si un jour vous comptez mettre comme moyen de paiement la carte Maestro ? Merci beaucoup,I'm sorry you're experiencing this issue. Please provide the relevant order details so we can better understand the problem and determine the appropriate next steps.,payment_billing,other_general,0.19297265,no,TRUE,low_intent_confidence,"[{""customer_tweet_id"": 109822, ""customer_text"": ""Je sens que c'est mort pour l'artbook de Persona 5 😥 Merci @120533"", ""amazon_reply"": ""@140385 Bonsoir, pouvez-vous nous expliquer davantage le souci je vous prie ? ^KE"", ""similarity"": 0.2455107290609968}, {""customer_tweet_id"": 1881648, ""customer_text"": ""@120533 MaJ : remboursement de la part d'Amazon."", ""amazon_reply"": ""@561522 Contactez s'il vous plaît notre service client pour qu'ils vous aident via https://t.co/hgIrz98cdI"", ""similarity"": 0.17386585989210918}, {""customer_tweet_id"": 2538856, ""customer_text"": ""@AmazonHelp vous etes pas compétent"", ""amazon_reply"": ""@389945 Bonjour, je suis désolée d'apprendre cela. Pouvez-vous m'expliquer davantage la situation rencontrée s'il vous plait ? ^SB"", ""similarity"": 0.15272530535075934}]",1,1,2,2,2,3,FALSE,The response is a generic template that ignores the customer's specific question about payment methods and incorrectly treats the inquiry as an order-related issue.,,,,,,,,
1179698,Agent,Hey @115821 your delivery guy decided to leave the boxes for the entire building in our office.  Guess I'm the delivery guy now? https://t.co/zwSWiN8Nc8,I'm sorry your package is delayed. Please check the current tracking status of your order for the latest delivery information.,order_status_tracking,delivery_delay,0.250645561,yes,FALSE,none,"[{""customer_tweet_id"": 991010, ""customer_text"": ""@AmazonHelp ur delivery guy didn't call me &amp; I received a message saying I was not contactable!! Every time u prove u don't care abt custmr"", ""amazon_reply"": ""@184637 Sorry to know that, please connect with us here: https://t.co/TdDksLo6Mf and we'll check this out for you. ^MS"", ""similarity"": 0.24823364328434006}, {""customer_tweet_id"": 2460278, ""customer_text"": ""Hey @115821 I'd appreciate it if you would cancel my order for me😅😅😅😅😅😅😅"", ""amazon_reply"": ""@704512 Thanks for reaching out to us! We don't have access to your account via Twitter. Please check here for returns/refunds: https://t.co/WYHOlCv0Ty ^MO"", ""similarity"": 0.18726201296359563}, {""customer_tweet_id"": 480488, ""customer_text"": ""Hey @115821, please explain why I am paying for Prime’s 2 day shipping when I am getting 5 day shipping #Amazon https://t.co/d2STAEeAnA"", ""amazon_reply"": ""@229189 Hello MJ, sorry you have not received your order. We'd like to assist! What was the delivery date provided in your order confirmation email? ^TE"", ""similarity"": 0.11109075412076637}]",1,1,2,2,3,3,FALSE,"The response incorrectly identifies the issue as a delivery delay when the customer is reporting a misdelivery/improper drop-off, making the advice to check tracking irrelevant and unhelpful.",,,,,,,,
2840267,Agent,"@AmazonHelp I have read that communication. It is of no help. No one is even trying to understand, why i complained",I'm sorry you're experiencing this issue. Please provide the relevant order details so we can better understand the problem and determine the appropriate next steps.,other_general,other_general,0.213055777,yes,FALSE,none,"[{""customer_tweet_id"": 2406925, ""customer_text"": ""Hello, @115850  &amp; @AmazonHelp \nPlease Help. I am trying 5 time Add Money in Wallet but problems.\nPlease check.\n@115821 \n@115830"", ""amazon_reply"": ""@414819 I understand your concern about the Amazon pay balance. Did you happen to report this to our support team? If no, please contact us here: https://t.co/vlvfJr4nN9 so we can assist you.^PJ"", ""similarity"": 0.2538303157030127}, {""customer_tweet_id"": 1890590, ""customer_text"": ""@AmazonHelp It would be nice if you read my tweet before, I am saying that my account is LOCKED. Can you please read what I stated above and not give me some bullshit answer back, thanks."", ""amazon_reply"": ""@563805 Please use skip sign in option, on the link previously provided. ^TP"", ""similarity"": 0.18643189714728586}, {""customer_tweet_id"": 373286, ""customer_text"": ""@AmazonHelp Person I spoke with was confused, didn't understand what was going on and just told me someone would get back to me."", ""amazon_reply"": ""@204453 I understand you frustration! We'll do everything we can. Please let us know if you need assistance in the mean time. ^HC"", ""similarity"": 0.137072745721395}]",4,4,5,5,5,5,TRUE,,,,,,,,,
1071144,Retrieval,@115830 can you DM about an aftersales issue. Thanks,"@262972 Hi, We're sorry for the inconvenience! We want to make sure we’re providing the best solution for you. In this case, we recommend you to contact our Customer Support, please click the following link: https://t.co/qGpkDwGRhX ^HC",other_general,other_general,0.285171864,yes,TRUE,needs_human_support,"[{""customer_tweet_id"": 602326, ""customer_text"": ""@AmazonHelp pls help DM :("", ""amazon_reply"": ""@262972 Hi, We're sorry for the inconvenience! We want to make sure we’re providing the best solution for you. In this case, we recommend you to contact our Customer Support, please click the following link: https://t.co/qGpkDwGRhX ^HC"", ""similarity"": 0.2629831160193528}, {""customer_tweet_id"": 1152724, ""customer_text"": ""@AmazonHelp That worked. Thanks!"", ""amazon_reply"": ""@283086 No problem, that's what we do! Thanks for letting us know and have a great rest of your day. ^EM"", ""similarity"": 0.1803487161934924}, {""customer_tweet_id"": 1136209, ""customer_text"": ""@AmazonHelp Plz resolve my issue..  I have no problem wid u.."", ""amazon_reply"": ""@387674 Sorry about the delivery delay. We'd like to investigate this, please share your details here: https://t.co/cQVomR1pWz. ^HA"", ""similarity"": 0.14727649396227585}]",5,5,5,5,5,5,TRUE,,,,,,,,,
2836887,Generic,"@115830 @AmazonHelp lost order and call to speak to your 'escalation team'. Spoken to in a disgusting, condescending manner and you put the phone down on me after I asked the operator to clarify what steps I need to take next. Disgusting customer service.",I'm sorry you're experiencing this issue. Please provide the relevant order details so we can better understand the problem and determine the appropriate next steps.,missing_package,other_general,0.215886627,yes,FALSE,none,"[{""customer_tweet_id"": 765713, ""customer_text"": ""@AmazonHelp No, I find your customer service menu on the app very confusing and can't work out how to send an email. I keep ending up on a chat with a robot that wants me to give it my phone number when I can't speak on the phone right now."", ""amazon_reply"": ""@303000 You can send us an e-mail via our website if you go to the following link:  https://t.co/JzP7hlA23B ^KI"", ""similarity"": 0.19463658328541517}, {""customer_tweet_id"": 530044, ""customer_text"": ""@AmazonHelp please get the live chat and call centre people some training. Absolutely disgusting service."", ""amazon_reply"": ""@242744 I apologize for the experience you had. We want to help. Without giving us any personal/account info, can you give us a little insight on the issue you are facing? ^BA"", ""similarity"": 0.19073980813640512}, {""customer_tweet_id"": 611196, ""customer_text"": ""@115821 @115830  @AmazonHelp As a student with a dying laptop I ordered a new Dell inspirion off of your site believing in your good customer service. Instead what has happened is that I firstly received duracell batteries, and when asked for a replacement then received..."", ""amazon_reply"": ""@265290 Sorry to hear about this issue. Have you contacted us here:  https://t.co/JzP7hlA23B to see what options we have available?^MI"", ""similarity"": 0.17091380054530755}]",4,5,5,5,5,5,TRUE,,,,,,,,,
2700856,Generic,Ordered something on @115821 prime for next day delivery yet it’s now coming in 1-2 days. What am I paying for exactly? 😐😐😐,I'm sorry you're experiencing this issue. Please provide the relevant order details so we can better understand the problem and determine the appropriate next steps.,delivery_delay,delivery_delay,0.42627176,yes,FALSE,none,"[{""customer_tweet_id"": 480488, ""customer_text"": ""Hey @115821, please explain why I am paying for Prime’s 2 day shipping when I am getting 5 day shipping #Amazon https://t.co/d2STAEeAnA"", ""amazon_reply"": ""@229189 Hello MJ, sorry you have not received your order. We'd like to assist! What was the delivery date provided in your order confirmation email? ^TE"", ""similarity"": 0.2738396459243699}, {""customer_tweet_id"": 1234212, ""customer_text"": ""@115821 Why does \""same day delivery\"" constantly turn into next day delivery after I place the order? Commitment issues?"", ""amazon_reply"": ""@409483 Hi Clark. We'd like to help the best we can. Has the delivery date for your order changed? ^HC"", ""similarity"": 0.238926118128039}, {""customer_tweet_id"": 836451, ""customer_text"": ""@115830 I pre-ordered one in August and then I did next day delivery for the second, neither have arrived."", ""amazon_reply"": ""@319104 Is there any info showing on their tracking via this link? : https://t.co/aaDyEz1VgE ^RL"", ""similarity"": 0.1884666045142653}]",4,5,5,5,5,5,TRUE,,,,,,,,,
980691,Retrieval,@AmazonHelp 問い合わせ先が見つからず困っておりました。ありがとうございます。,@131073 Please write to us via DM with your concern and we'll be glad to assist you with this right away. ^BV,other_general,other_general,0.232553189,no,FALSE,none,"[{""customer_tweet_id"": 65899, ""customer_text"": ""@AmazonHelp Done"", ""amazon_reply"": ""@131073 Please write to us via DM with your concern and we'll be glad to assist you with this right away. ^BV"", ""similarity"": 1.0}, {""customer_tweet_id"": 2880479, ""customer_text"": ""@AmazonHelp Useless"", ""amazon_reply"": ""@799341 We want to help you as much as possible, please contact us directly by clicking the following link: https://t.co/JzP7hlA23B.^BZ"", ""similarity"": 0.1918260533044177}, {""customer_tweet_id"": 2437734, ""customer_text"": ""@AmazonHelp Useless"", ""amazon_reply"": ""@337608 We'd like to help, kindly share your details here: https://t.co/GIJyeYqKE0, and we'll reach out to you soon. ^MA"", ""similarity"": 0.1918260533044177}]",2,2,5,5,5,4,FALSE,"The response is in English, while the customer's message is in Japanese. Additionally, the response uses a placeholder handle (@131073) instead of addressing the customer appropriately.",,,,,,,,
1899097,Generic,"@AmazonHelp ご丁寧にありがとうぎざいます。アプリの入れ直しはやってみたのですが、もう一度試してみます。
洋書のサンプルをDLしたところ、国内出版物を検索しても検出されなくなったのですが、何か設定が必要でしょうか？",I'm sorry you're experiencing this issue. Please provide the relevant order details so we can better understand the problem and determine the appropriate next steps.,technical_product_issue,other_general,0.194423279,no,TRUE,low_intent_confidence,"[{""customer_tweet_id"": 65899, ""customer_text"": ""@AmazonHelp Done"", ""amazon_reply"": ""@131073 Please write to us via DM with your concern and we'll be glad to assist you with this right away. ^BV"", ""similarity"": 1.0}, {""customer_tweet_id"": 2880479, ""customer_text"": ""@AmazonHelp Useless"", ""amazon_reply"": ""@799341 We want to help you as much as possible, please contact us directly by clicking the following link: https://t.co/JzP7hlA23B.^BZ"", ""similarity"": 0.1918260533044177}, {""customer_tweet_id"": 2437734, ""customer_text"": ""@AmazonHelp Useless"", ""amazon_reply"": ""@337608 We'd like to help, kindly share your details here: https://t.co/GIJyeYqKE0, and we'll reach out to you soon. ^MA"", ""similarity"": 0.1918260533044177}]",2,2,3,5,3,4,FALSE,"The response is in English while the customer is communicating in Japanese, which is inappropriate for a localized support interaction.",,,,,,,,
1380593,Retrieval,@AmazonHelp My delivery date was just updated to a three day window without explanation. Incredibly frustrating.,"@198992 We do not have any update as of now. Hence, kindly wait. ^HR",delivery_delay,order_status_tracking,0.222341224,yes,FALSE,none,"[{""customer_tweet_id"": 348635, ""customer_text"": ""@AmazonHelp Any date?"", ""amazon_reply"": ""@198992 We do not have any update as of now. Hence, kindly wait. ^HR"", ""similarity"": 0.2718546668876213}, {""customer_tweet_id"": 557034, ""customer_text"": ""@AmazonHelp Updated. Check."", ""amazon_reply"": ""@250065 We have sent a correspondence to your registered email account, kindly check. ^MJ"", ""similarity"": 0.260768562702293}, {""customer_tweet_id"": 1737604, ""customer_text"": ""@AmazonHelp Nothing wrong if you do that b4 delivery date and make customers happy. But you have pre coded words like \""Estimated\""."", ""amazon_reply"": ""@524525 I realize that, Dinesh. However, multiple factors lead up to the dates that are provided. I appreciate your patience. ^JC"", ""similarity"": 0.21122996066861122}]",2,4,5,5,5,3,TRUE,,,,,,,,,
1179698,Retrieval,Hey @115821 your delivery guy decided to leave the boxes for the entire building in our office.  Guess I'm the delivery guy now? https://t.co/zwSWiN8Nc8,"@184637 Sorry to know that, please connect with us here: https://t.co/TdDksLo6Mf and we'll check this out for you. ^MS",order_status_tracking,delivery_delay,0.250645561,yes,FALSE,none,"[{""customer_tweet_id"": 991010, ""customer_text"": ""@AmazonHelp ur delivery guy didn't call me &amp; I received a message saying I was not contactable!! Every time u prove u don't care abt custmr"", ""amazon_reply"": ""@184637 Sorry to know that, please connect with us here: https://t.co/TdDksLo6Mf and we'll check this out for you. ^MS"", ""similarity"": 0.24823364328434006}, {""customer_tweet_id"": 2460278, ""customer_text"": ""Hey @115821 I'd appreciate it if you would cancel my order for me😅😅😅😅😅😅😅"", ""amazon_reply"": ""@704512 Thanks for reaching out to us! We don't have access to your account via Twitter. Please check here for returns/refunds: https://t.co/WYHOlCv0Ty ^MO"", ""similarity"": 0.18726201296359563}, {""customer_tweet_id"": 480488, ""customer_text"": ""Hey @115821, please explain why I am paying for Prime’s 2 day shipping when I am getting 5 day shipping #Amazon https://t.co/d2STAEeAnA"", ""amazon_reply"": ""@229189 Hello MJ, sorry you have not received your order. We'd like to assist! What was the delivery date provided in your order confirmation email? ^TE"", ""similarity"": 0.11109075412076637}]",3,3,5,5,5,4,TRUE,,,,,,,,,
2931329,Agent,@AmazonHelp Nope. Like I said they never even knocked. It was royal mail. I did get my usual post and heard the letter box so went and checked to see if there was anything about Amazon but nothing. Used prime to do online Christmas shopping so it would be delivered.,I'm sorry your package is delayed. Please check the current tracking status of your order for the latest delivery information.,order_status_tracking,delivery_delay,0.256586269,yes,FALSE,none,"[{""customer_tweet_id"": 1246371, ""customer_text"": ""@115821 Very very fraud, \nOnline shopping &amp; online payment \nEven not received the product \n402-9266837-9705148\nPayment done online too"", ""amazon_reply"": ""@415450 Please don't provide your order details, we consider it to be personal information. Our page is visible to public.(2/2)^RI"", ""similarity"": 0.20268419039275853}, {""customer_tweet_id"": 1226571, ""customer_text"": ""@AmazonHelp I already did that. Got a revert on mail but not on call."", ""amazon_reply"": ""@404398 Please write back to the email you've received from our team, requesting for a call back and we'll get back to you. ^SQ"", ""similarity"": 0.1807316272268524}, {""customer_tweet_id"": 1302289, ""customer_text"": ""@AmazonHelp We have community mailboxes, I was given a key for a parcel box, indicating my parcel was delivered, but there was nothing in the box."", ""amazon_reply"": ""@340283 That is interesting! Have you tired contacting us via phone or chat? If so what options where you provided? ^LS"", ""similarity"": 0.1449602813291294}]",2,3,3,5,5,4,TRUE,,,,,,,,,
2212038,Generic,"Hi @115821, your delivery service sucks.  Can you give Prime members a @115817 delivery option? At least they know what they are doing.",I'm sorry you're experiencing this issue. Please provide the relevant order details so we can better understand the problem and determine the appropriate next steps.,order_status_tracking,delivery_delay,0.345912753,yes,FALSE,none,"[{""customer_tweet_id"": 1405313, ""customer_text"": ""@AmazonHelp What is the differnece between prime reading and unlimited? Which one is free for prime members without additional services? 1/2"", ""amazon_reply"": ""@172901 Kindle Unlimited is an extra subscription that gives you access to a large catalog of Kindle titles: https://t.co/KI1R1WQ6RC ^TH"", ""similarity"": 0.22489326276336227}, {""customer_tweet_id"": 939517, ""customer_text"": ""@AmazonHelp @115817 But they didnt. Somehow @115821 system shows it as if it was picked up."", ""amazon_reply"": ""@342711 Thanks for the info. We'd like a second chance to look into this. Please contact us here: https://t.co/EKXRLsnxJu ^GG"", ""similarity"": 0.14642084945839148}, {""customer_tweet_id"": 2504828, ""customer_text"": ""Hi @115830. Thanks for my Prime delivery today. Who pays for a replacement letterbox please? https://t.co/tLLnGGpdrW"", ""amazon_reply"": ""@714306 I'm so sorry about the damage to your letterbox, Dave! Can you reach out to us via phone here so that we can look into this with you?  https://t.co/JzP7hlA23B ^GS"", ""similarity"": 0.13179882534121137}]",4,4,5,5,5,5,TRUE,,,,,,,,,
379433,Generic,"Had an @115830 USB lightening cable for a month n it's packed in already, cba man😴",I'm sorry you're experiencing this issue. Please provide the relevant order details so we can better understand the problem and determine the appropriate next steps.,technical_product_issue,delivery_delay,0.157147827,no,TRUE,low_intent_confidence,"[{""customer_tweet_id"": 1755084, ""customer_text"": ""@AmazonHelp Just 3 days after this month will end 🤔"", ""amazon_reply"": ""@528569 I understand your love for music :) It will be expanded to other devices and platforms in the future. Please stay tuned! ^BS"", ""similarity"": 0.2576680067107038}, {""customer_tweet_id"": 2493660, ""customer_text"": ""@115825 Hi!  Wann kann man denn die Neue Staffel Lucifer bei Euch ansehen? LG"", ""amazon_reply"": ""@711838 Auf Englisch ist sie schon verfügbar: https://t.co/HTun3oZGUE Sobald es weiter Infos gibt, geben wir dies bekannt. Lieben Gruß ^NW"", ""similarity"": 0.11418423092923426}, {""customer_tweet_id"": 530001, ""customer_text"": ""@AmazonHelp THERES MORE !!!! @115830 https://t.co/JRdxSl5ghg"", ""amazon_reply"": ""@242735 Hi James, please get in touch via the link provided by ^FJ &amp; we'll be able to look into this for you. ^TS"", ""similarity"": 0.10349370332822788}]",4,4,5,5,5,5,TRUE,,,,,,,,,
2880426,Agent,"Le principe, c'est d'acheter *un* cadeau de Noël au meilleur prix. Ben avec @115821 c'est pas forcément simple. https://t.co/f9oucvQwal",I can help with your order status. Please check the current tracking information for the latest update on your order.,other_general,order_status_tracking,0.202470638,no,FALSE,none,"[{""customer_tweet_id"": 167936, ""customer_text"": ""Qd tu a 4 fois @120533 au téléphone pour te dire que ta commande n'est pas envoyée car il manque encore un produit mais que tu ne peux pas l'annuler parce qu'elle est sur le point d'être expédié.\nEt bah ça énerve un peu qd même."", ""amazon_reply"": ""@155066 Bonsoir Yann, désolée d'apprendre cela. La livraison de votre colis est prévue pour quand s'il vous plaît ? ^MA"", ""similarity"": 0.24813423944127966}, {""customer_tweet_id"": 2431121, ""customer_text"": ""@AmazonHelp La capture d'écran suivante provient de Firefox (les précédentes provenaient de Chrome), on dirait que c'est un design différent qui est appliqué sous Chrome (voir la couleur du titre et le design du bouton) https://t.co/d8K18vlCcb"", ""amazon_reply"": ""@697863 Il s'agit bien d'un souci d'affichage du navigateur et non une erreur graphique sur le site. Merci quand même de nous l'avoir signalé. ^MH"", ""similarity"": 0.1464958873029147}, {""customer_tweet_id"": 510268, ""customer_text"": ""@AmazonHelp Vu tous les tweets que je viens de lire, c'est inadmissible que Amazon prenne encore @120535 pour ses envois. Laissez nous le choix du transporteur au pire ..."", ""amazon_reply"": ""@237233 Le choix du transporteur n'est malheureusement pas possible mais vos avis nous sont importants pour améliorer la qualité des services. Merci pour votre compréhension. ^MH"", ""similarity"": 0.13743507028342378}]",2,2,3,5,5,4,FALSE,"The response is in English while the customer message is in French, and it provides a generic instruction rather than addressing the customer's specific frustration regarding pricing or service quality.",,,,,,,,
2424519,Generic,@117795 parcels are not coming next day #whyamipayingforprime,I'm sorry you're experiencing this issue. Please provide the relevant order details so we can better understand the problem and determine the appropriate next steps.,delivery_delay,delivery_delay,0.193002474,yes,TRUE,low_intent_confidence,"[{""customer_tweet_id"": 2837004, ""customer_text"": ""I wish @115830 had a 'do not leave with neighbours' option. I would rather get my parcels from the post office than knock on random doors."", ""amazon_reply"": ""@139715 Hey, you can assign your own safe place to your order so all your future parcels will be left there and not with a neighbour. You can find more info about it here: https://t.co/eISP3ti6wH ^MA"", ""similarity"": 0.12557026720076656}, {""customer_tweet_id"": 1104500, ""customer_text"": ""@117795 thank u for allowing us people to feel more entitled then we already do I want my stuff now &amp; when I mean now I mean Sunday"", ""amazon_reply"": ""@380638 W/out giving account info can you tell us what's going on? Did an order not arrive on time here: https://t.co/Y5jpI9gRhE? ^JM"", ""similarity"": 0.1136294635353178}, {""customer_tweet_id"": 2735694, ""customer_text"": ""One day @115821 will hire delivery drives that can read an address label. One day... not today though.  😑"", ""amazon_reply"": ""@400341 It sounds like you had a bad experience, my apologies. Without providing any account information can you give us some more details? ^CH"", ""similarity"": 0.1078687463679378}]",3,4,4,5,4,5,TRUE,,,,,,,,,
534144,Agent,"@AmazonHelp Juste marre de jouer au chat et souris ....
Pour moi c'est pas grave....Des offres y'en a partout mais au vu de la manière...Les 3 ou 4 retraits ""incompréhensibles"" d'amazon, on demandera le remboursement Justificatifs à l'appui...On le fera aujourdhui
Merci bon courage",I'm sorry you're experiencing this issue. I've identified that this case should be reviewed by a human support agent. A support agent can review the order details and help with the next steps.,payment_billing,other_general,0.176262064,yes,TRUE,low_intent_confidence,"[{""customer_tweet_id"": 167936, ""customer_text"": ""Qd tu a 4 fois @120533 au téléphone pour te dire que ta commande n'est pas envoyée car il manque encore un produit mais que tu ne peux pas l'annuler parce qu'elle est sur le point d'être expédié.\nEt bah ça énerve un peu qd même."", ""amazon_reply"": ""@155066 Bonsoir Yann, désolée d'apprendre cela. La livraison de votre colis est prévue pour quand s'il vous plaît ? ^MA"", ""similarity"": 0.2174800411349149}, {""customer_tweet_id"": 510268, ""customer_text"": ""@AmazonHelp Vu tous les tweets que je viens de lire, c'est inadmissible que Amazon prenne encore @120535 pour ses envois. Laissez nous le choix du transporteur au pire ..."", ""amazon_reply"": ""@237233 Le choix du transporteur n'est malheureusement pas possible mais vos avis nous sont importants pour améliorer la qualité des services. Merci pour votre compréhension. ^MH"", ""similarity"": 0.20834059959790407}, {""customer_tweet_id"": 2889221, ""customer_text"": ""@AmazonHelp A priori rien chez moi, je n’y suis pas mais ma mère n’a rien réceptionné et rien dans la boîte. On a demandé aux voisins, rien. Si quelqu’un réceptionne un colis de valeur... qu’est-ce qui l’oblige à être honnête et à le rendre le ? 😭"", ""amazon_reply"": ""@801075 Si le suivi indique que le colis est livré et que malgré les recherches vous ne le trouvez pas, il faut le signaler à notre service client pour ouvrir une enquête auprès du transporteur et avoir le nom de la personne ayant reçu votre colis.^ASZ"", ""similarity"": 0.18402797649150435}]",4,4,5,5,5,5,TRUE,,,,,,,,,
2906573,Agent,"So @115830 left my delivery (which contained an expensive electronic item) in the garden, all day.. unsheltered! Oh and it rained. . . #nothappy #useyourhead #merryxmas https://t.co/zZCbNvd1Gq",I'm sorry your package is delayed. Please check the current tracking status of your order for the latest delivery information.,damaged_item,delivery_delay,0.238152279,yes,FALSE,none,"[{""customer_tweet_id"": 1760384, ""customer_text"": ""@AmazonHelp Sure. I ordered a lot of 24 of an item, and I keep being sent 1 of the item."", ""amazon_reply"": ""@529830 Thanks for confirming! Since this requires account access, please contact here: https://t.co/233GuUIPkP for a full review. ^TM"", ""similarity"": 0.21309558285130556}, {""customer_tweet_id"": 764758, ""customer_text"": ""A little annoyed my @115830 delivery was delivered this afternoon while I was at work and just left outside my front door! Any1 could have"", ""amazon_reply"": ""@302782 Terribly sorry about that, Tamsin! Are those instructions arranged as your safe space here? https://t.co/qlmL6Px359 ^JD"", ""similarity"": 0.17950491922890532}, {""customer_tweet_id"": 1234212, ""customer_text"": ""@115821 Why does \""same day delivery\"" constantly turn into next day delivery after I place the order? Commitment issues?"", ""amazon_reply"": ""@409483 Hi Clark. We'd like to help the best we can. Has the delivery date for your order changed? ^HC"", ""similarity"": 0.15740635977341483}]",1,1,1,2,1,3,FALSE,"The response incorrectly identifies the issue as a delivery delay when the customer is reporting a damaged/mishandled delivery, making the response irrelevant and unhelpful.",,,,,,,,
2931329,Retrieval,@AmazonHelp Nope. Like I said they never even knocked. It was royal mail. I did get my usual post and heard the letter box so went and checked to see if there was anything about Amazon but nothing. Used prime to do online Christmas shopping so it would be delivered.,"@415450 Please don't provide your order details, we consider it to be personal information. Our page is visible to public.(2/2)^RI",order_status_tracking,delivery_delay,0.256586269,yes,FALSE,none,"[{""customer_tweet_id"": 1246371, ""customer_text"": ""@115821 Very very fraud, \nOnline shopping &amp; online payment \nEven not received the product \n402-9266837-9705148\nPayment done online too"", ""amazon_reply"": ""@415450 Please don't provide your order details, we consider it to be personal information. Our page is visible to public.(2/2)^RI"", ""similarity"": 0.20268419039275853}, {""customer_tweet_id"": 1226571, ""customer_text"": ""@AmazonHelp I already did that. Got a revert on mail but not on call."", ""amazon_reply"": ""@404398 Please write back to the email you've received from our team, requesting for a call back and we'll get back to you. ^SQ"", ""similarity"": 0.1807316272268524}, {""customer_tweet_id"": 1302289, ""customer_text"": ""@AmazonHelp We have community mailboxes, I was given a key for a parcel box, indicating my parcel was delivered, but there was nothing in the box."", ""amazon_reply"": ""@340283 That is interesting! Have you tired contacting us via phone or chat? If so what options where you provided? ^LS"", ""similarity"": 0.1449602813291294}]",1,1,2,5,1,3,FALSE,The response is completely irrelevant to the customer's issue regarding a missed delivery. It uses a canned response about privacy that does not apply to the current conversation.,,,,,,,,
2149535,Agent,"@AmazonHelp Ok but when placing an order, your site always tells you if the item is eligible for P.O. box delivery or not. My order was processed and went through with no issues",I'm sorry your package is delayed. Please check the current tracking status of your order for the latest delivery information.,order_status_tracking,delivery_delay,0.231356924,yes,FALSE,none,"[{""customer_tweet_id"": 1234212, ""customer_text"": ""@115821 Why does \""same day delivery\"" constantly turn into next day delivery after I place the order? Commitment issues?"", ""amazon_reply"": ""@409483 Hi Clark. We'd like to help the best we can. Has the delivery date for your order changed? ^HC"", ""similarity"": 0.1795838122053917}, {""customer_tweet_id"": 1760384, ""customer_text"": ""@AmazonHelp Sure. I ordered a lot of 24 of an item, and I keep being sent 1 of the item."", ""amazon_reply"": ""@529830 Thanks for confirming! Since this requires account access, please contact here: https://t.co/233GuUIPkP for a full review. ^TM"", ""similarity"": 0.1548682408191803}, {""customer_tweet_id"": 1302289, ""customer_text"": ""@AmazonHelp We have community mailboxes, I was given a key for a parcel box, indicating my parcel was delivered, but there was nothing in the box."", ""amazon_reply"": ""@340283 That is interesting! Have you tired contacting us via phone or chat? If so what options where you provided? ^LS"", ""similarity"": 0.13869513082385307}]",2,2,3,4,5,5,FALSE,"The response ignores the customer's specific concern about P.O. box delivery eligibility and incorrectly assumes the package is delayed, which was not explicitly stated by the customer.",,,,,,,,
2212038,Agent,"Hi @115821, your delivery service sucks.  Can you give Prime members a @115817 delivery option? At least they know what they are doing.",I'm sorry your package is delayed. Please check the current tracking status of your order for the latest delivery information.,order_status_tracking,delivery_delay,0.345912753,yes,FALSE,none,"[{""customer_tweet_id"": 1405313, ""customer_text"": ""@AmazonHelp What is the differnece between prime reading and unlimited? Which one is free for prime members without additional services? 1/2"", ""amazon_reply"": ""@172901 Kindle Unlimited is an extra subscription that gives you access to a large catalog of Kindle titles: https://t.co/KI1R1WQ6RC ^TH"", ""similarity"": 0.22489326276336227}, {""customer_tweet_id"": 939517, ""customer_text"": ""@AmazonHelp @115817 But they didnt. Somehow @115821 system shows it as if it was picked up."", ""amazon_reply"": ""@342711 Thanks for the info. We'd like a second chance to look into this. Please contact us here: https://t.co/EKXRLsnxJu ^GG"", ""similarity"": 0.14642084945839148}, {""customer_tweet_id"": 2504828, ""customer_text"": ""Hi @115830. Thanks for my Prime delivery today. Who pays for a replacement letterbox please? https://t.co/tLLnGGpdrW"", ""amazon_reply"": ""@714306 I'm so sorry about the damage to your letterbox, Dave! Can you reach out to us via phone here so that we can look into this with you?  https://t.co/JzP7hlA23B ^GS"", ""similarity"": 0.13179882534121137}]",3,3,3,5,5,5,TRUE,,,,,,,,,
659415,Generic,@AmazonHelp your customer service to those with disabilities is horrendous and you should be ashamed. I'm wheelchair bound. 1 of/,I'm sorry you're experiencing this issue. Please provide the relevant order details so we can better understand the problem and determine the appropriate next steps.,other_general,other_general,0.252812086,yes,FALSE,none,"[{""customer_tweet_id"": 1554354, ""customer_text"": ""Great customer service from Jürgen at @116316 , thanks!"", ""amazon_reply"": ""@480784 Thanks 🙂 You are welcome. Kind regards ^TR"", ""similarity"": 0.3258271623013982}, {""customer_tweet_id"": 745083, ""customer_text"": ""@AmazonHelp @115850 U r as competent as ur customer service on ph."", ""amazon_reply"": ""@298115 We'd like to help, Amit. As requested earlier, please send us your details through the link shared earlier. ^MA"", ""similarity"": 0.32507690876538287}, {""customer_tweet_id"": 765713, ""customer_text"": ""@AmazonHelp No, I find your customer service menu on the app very confusing and can't work out how to send an email. I keep ending up on a chat with a robot that wants me to give it my phone number when I can't speak on the phone right now."", ""amazon_reply"": ""@303000 You can send us an e-mail via our website if you go to the following link:  https://t.co/JzP7hlA23B ^KI"", ""similarity"": 0.2824465106005523}]",2,2,3,5,2,4,FALSE,"The response is overly generic and dismissive of a serious accessibility complaint, failing to acknowledge the customer's specific concern about disability support.",,,,,,,,
819504,Retrieval,Also @AmazonHelp - @134825 ist schon a bissl nervig vong zustellservice - null benachrichtigung und jetzt kann ich keinens shop auswählen 😞,"@194202 Dann melde dich bitte mal über diesen Link bei uns, dem Amazon.de Social Media Team: https://t.co/cUDnC8mjd7 ^AN",order_status_tracking,other_general,0.180670956,yes,TRUE,low_intent_confidence,"[{""customer_tweet_id"": 987778, ""customer_text"": ""@AmazonHelp Und ich antworte gerne nochmal: Leute, ich bin kein Idiot."", ""amazon_reply"": ""@194202 Dann melde dich bitte mal über diesen Link bei uns, dem Amazon.de Social Media Team: https://t.co/cUDnC8mjd7 ^AN"", ""similarity"": 0.2919259453211127}, {""customer_tweet_id"": 140929, ""customer_text"": ""Danke an @116316 !\nWeil ich dieses Jahr noch nicht über 100€ bestellt habe, darf ich das Handy für 250€ nicht per Lastschrift bezahlen!\n\nFind ich super!\n#Kundenservice\n#keinPrime"", ""amazon_reply"": ""@147798 Leider können wir diese Entscheidung nicht ändern. Gründe hierfür: https://t.co/kkXAbASVDr Tut mir leid. Lieber Gruß ^TG"", ""similarity"": 0.15831266904090607}, {""customer_tweet_id"": 1623922, ""customer_text"": ""@AmazonHelp @497410 Gut zu wissen, dass man solche Mails melden kann. Danke! Werde ich in Zukunft auch direkt machen."", ""amazon_reply"": ""@497411 Immer wieder gerne! ^DW"", ""similarity"": 0.15292491129476438}]",4,4,5,5,5,5,TRUE,,,,,,,,,
497290,Retrieval,@AmazonHelp https://t.co/O6Mf9WBWMR,@131073 Please write to us via DM with your concern and we'll be glad to assist you with this right away. ^BV,other_general,other_general,0.197431436,yes,TRUE,low_intent_confidence,"[{""customer_tweet_id"": 65899, ""customer_text"": ""@AmazonHelp Done"", ""amazon_reply"": ""@131073 Please write to us via DM with your concern and we'll be glad to assist you with this right away. ^BV"", ""similarity"": 0.4810424740325799}, {""customer_tweet_id"": 742396, ""customer_text"": ""@amazonhelp this url is broken on your site: https://t.co/nL5ldDxRB2 — needed for this: https://t.co/dD4Yvm02Pb"", ""amazon_reply"": ""@297514 Cab you please provide a link to the page where this button is located? We'd like to look further into it. ^WJ"", ""similarity"": 0.23874368156361267}, {""customer_tweet_id"": 274471, ""customer_text"": ""@115850  https://t.co/gTRwxpvjFO"", ""amazon_reply"": ""@159034 Our Twitter page is visible to the public. (4/4)^AU"", ""similarity"": 0.21138107666986491}]",4,4,5,5,5,5,TRUE,,,,,,,,,
366498,Retrieval,@AmazonHelp I’d like to undo an accidental cancellation of an order @ can’t find the option. Could you do it if I tell you the order # ?,"@396102 Please don't provide your order details, we consider it personal info. Our Twitter page is visible to public. ^NR 2/2",return_replacement,order_status_tracking,0.172059809,no,TRUE,low_intent_confidence,"[{""customer_tweet_id"": 1173873, ""customer_text"": ""@AmazonHelp Please cancel my Order# 402-2908878-9776322\nIt's not yet shipped by Seller..have also placed a cancellation request with Seller"", ""amazon_reply"": ""@396102 Please don't provide your order details, we consider it personal info. Our Twitter page is visible to public. ^NR 2/2"", ""similarity"": 0.16602888794044168}, {""customer_tweet_id"": 2279713, ""customer_text"": ""@115850  Waiting for refund for order # : ORDER # 408-6560878-8566768 . Its been 3 months."", ""amazon_reply"": ""@662766 Apologies for the trouble. Have you reported this to our support team? If not, kindly report it here: https://t.co/rS49hgaADF. Please don't provide your order details, we consider it to be personal information. Our page is visible to the public. ^MO"", ""similarity"": 0.1621763893455105}, {""customer_tweet_id"": 439253, ""customer_text"": ""@AmazonHelp I'm wrongly buying a washing machine on offer period I place my order cancellation on the same time but till date I'm not received my money."", ""amazon_reply"": ""@219321 I understand your query is regarding refund, request you to contact us here https://t.co/rS49hgaADF and we'll assist you. ^VH"", ""similarity"": 0.15229893223878962}]",2,2,5,5,3,4,FALSE,"The response is a canned reply that ignores the customer's specific request to undo a cancellation and fails to provide a path for resolution or escalation, despite the operational context indicating an escalation is required.",,,,,,,,
317448,Generic,"@AmazonHelp @15673 Ach komisch, auf dem Smartphone geht’s wieder.",I'm sorry you're experiencing this issue. Please provide the relevant order details so we can better understand the problem and determine the appropriate next steps.,technical_product_issue,other_general,0.179327163,no,TRUE,low_intent_confidence,"[{""customer_tweet_id"": 1570865, ""customer_text"": ""@AmazonHelp Danke für nichts mal wieder... https://t.co/MTxRV3P9mA"", ""amazon_reply"": ""@484393 Guten Morgen! Oje 😟 Magst du dich bitte bei uns melden: https://t.co/IZA9YnmZyZ ^TG"", ""similarity"": 0.1888947434688159}, {""customer_tweet_id"": 65899, ""customer_text"": ""@AmazonHelp Done"", ""amazon_reply"": ""@131073 Please write to us via DM with your concern and we'll be glad to assist you with this right away. ^BV"", ""similarity"": 0.1772881496478049}, {""customer_tweet_id"": 1495598, ""customer_text"": ""@116316 @10114 Was ist denn aus dem Steelbook zu Battlefront II bei geworden? Wird mir in meiner Bestellung nicht mehr angezeigt. 🤔"", ""amazon_reply"": ""@467262 Hi! Meinst du, dass dir die Bestellung in deinem Kundenkonto nicht mehr angezeigt wird? ^AS"", ""similarity"": 0.12013595966218074}]",2,2,3,5,3,4,FALSE,"The customer stated the issue is resolved on their smartphone, but the response ignores this and asks for order details, which is irrelevant and unhelpful.",,,,,,,,
